Date,Total_PUs,Total_Returns
2025-09-04,16216,9825
,0,0
2025-09-29,23089,8573
2025-07-25,10282,1647
2025-08-05,6375,2636
2025-06-02,1016,222
2025-09-18,22768,7921
2025-04-09,405,193
2025-09-24,17417,6970
2025-02-13,375,285
2025-07-17,4700,670
2025-07-12,1174,188
2025-09-03,12873,9010
2025-04-17,453,220
2025-08-27,9301,5968
2025-05-07,842,509
2025-05-14,415,285
2025-07-30,6068,1473
2024-12-28,93,0
2025-09-05,20784,5202
2025-09-02,9871,10009
2025-08-09,1295,221
2025-09-06,942,3846
2025-04-21,502,192
2025-06-11,916,277
2025-08-26,9166,5877
2025-07-15,3912,622
2025-09-23,15220,10438
2025-08-20,10381,2697
2025-09-11,22320,10682
2025-07-01,2484,221
2025-05-09,527,248
2025-07-02,1164,181
2025-07-09,1902,299
2025-08-30,2037,617
2025-08-08,5485,1800
2025-07-14,4689,395
2025-07-29,4440,2181
2025-05-19,257,282
2025-06-28,79,63
2025-08-13,6523,4499
2025-06-13,257,138
2025-07-11,3830,465
2025-05-27,545,359
2025-06-26,642,281
2025-08-23,936,1065
2025-09-22,36980,5637
2025-07-04,47,36
2025-08-28,9020,6630
2025-07-07,4237,186
2025-03-28,1157,192
2025-08-15,7464,2585
2025-09-30,17736,9102
2025-07-08,3306,273
2025-05-20,788,610
2025-06-30,1728,314
2025-05-23,667,192
2025-08-25,10518,5188
2025-06-16,351,199
2025-09-08,15052,7708
2025-05-28,861,337
2025-07-21,8473,1062
2025-09-19,20021,7047
2025-06-27,539,143
2024-09-16,61,0
2025-06-12,1026,128
2025-08-29,23688,3009
2025-09-13,3152,2038
2025-06-20,1429,209
2025-06-04,1339,159
2025-07-24,4338,1950
2025-09-26,14122,7872
2025-10-02,8588,3216
2025-06-19,1109,61
2025-07-28,6501,2012
2025-04-26,134,130
2025-03-04,769,201
2025-09-17,15565,9404
2025-07-18,2591,544
2025-08-14,13017,3997
2025-06-10,330,204
2025-09-27,13892,1622
2025-06-23,1094,261
2025-09-20,3300,801
2025-09-15,20164,8248
2025-07-10,1178,174
2025-06-18,915,207
2025-08-04,6924,2276
2025-09-10,10663,6739
2025-06-09,220,229
2025-01-30,656,265
2025-06-17,307,219
2025-07-16,2163,891
2025-09-12,14547,6937
2025-08-11,5664,4514
2025-10-01,12856,7755
2025-06-25,202,394
2025-07-26,624,267
2025-09-25,15510,11688
2025-08-22,21391,3965
2025-08-01,7096,2227
2025-09-16,13173,7924
2025-07-31,6123,2475
2025-07-22,6601,1389
2025-07-23,2725,1806
2025-09-09,8134,6780
2025-08-07,6015,1353
2025-04-29,601,152
2025-07-03,1693,331
2025-08-21,12252,4809
2025-07-19,1026,296
2025-06-24,616,339
2025-08-12,13339,4998
2025-08-16,1915,1003
2025-08-19,17389,5123
2025-08-02,382,457
2025-08-18,10807,3788
2025-04-07,721,207
2025-08-06,3980,3386
2025-08-24,0,245
2025-04-25,624,232
2025-01-21,286,107
2025-03-06,274,312
2024-11-27,33,0
2024-05-01,8,0
2024-11-12,21,0
2024-10-18,84,0
2025-02-08,49,8
2024-09-25,41,0
2025-02-27,269,386
2025-02-19,291,242
2025-05-05,131,253
2025-02-11,349,223
2024-10-09,66,0
2025-02-26,265,232
2024-12-17,6,0
2025-03-10,123,307
2024-11-20,45,0
2025-04-22,157,202
2025-03-12,227,144
2025-04-02,216,287
2025-04-03,282,149
2024-11-04,27,0
2024-09-17,8,0
2024-07-13,5,0
2024-09-30,3,0
2025-03-01,88,44
2025-01-31,277,114
2024-09-07,8,0
2024-07-31,3,0
2025-04-04,165,195
2024-10-24,47,0
2025-05-24,41,72
2025-01-02,183,5
2025-02-02,0,1
2025-02-07,313,126
2024-09-06,15,0
2025-04-15,474,167
2024-10-17,51,0
2024-08-08,5,0
2024-12-05,43,0
2024-11-25,7,0
2025-06-03,222,174
2024-11-02,2,0
2024-09-14,27,0
2025-02-04,229,312
2025-02-10,346,95
2024-09-28,6,0
2024-08-02,6,0
2024-12-02,18,0
2025-02-05,283,251
2024-07-12,2,0
2025-01-16,265,53
2024-07-19,7,0
2024-09-27,33,0
2024-11-08,24,0
2024-07-15,5,0
2025-03-20,143,278
2024-07-01,6,0
2025-05-08,165,467
2025-03-26,167,192
2025-05-06,168,452
2024-10-08,68,0
2024-11-13,62,0
2025-03-08,6,274
2024-09-09,4,0
2024-10-15,58,0
2024-10-02,75,0
2025-05-10,87,36
2024-10-11,46,0
2024-11-16,9,0
2024-10-10,17,0
2025-04-30,294,230
2024-10-28,36,0
2024-08-10,28,0
2024-07-25,5,0
2024-09-24,32,0
2024-10-12,4,0
2024-12-04,29,0
2025-01-12,0,98
2024-08-13,9,0
2025-01-06,217,10
2024-10-22,56,0
2025-06-21,29,195
2025-05-21,315,274
2025-03-18,285,294
2025-04-05,41,74
2024-09-11,28,0
2025-01-07,241,14
2024-10-07,14,0
2024-12-16,15,0
2025-03-19,173,292
2024-08-29,2,0
2025-03-05,189,192
2024-09-21,7,0
2024-12-30,28,0
2024-11-19,35,0
2024-08-14,7,0
2024-06-11,10,0
2025-01-19,0,185
2024-06-18,10,0
2024-04-23,4,0
2025-02-20,194,269
2025-03-24,178,212
2024-09-19,14,0
2025-05-29,252,382
2025-03-25,214,312
2024-12-23,23,0
2024-10-25,39,0
2024-06-12,5,0
2025-03-03,318,185
2025-01-14,540,42
2024-10-03,22,0
2024-10-31,51,0
2024-09-18,9,0
2025-03-07,360,360
2024-11-01,28,0
2024-05-14,2,0
2024-11-14,3,0
2025-04-23,254,256
2025-03-11,160,119
2025-01-23,329,144
2024-10-21,35,0
2024-12-18,11,0
2024-11-07,36,0
2025-02-15,45,103
2024-12-26,23,0
2024-10-01,48,0
2025-02-03,341,142
2025-01-11,18,11
2024-05-07,17,0
2024-09-26,24,0
2024-07-03,4,0
2024-12-11,11,0
2025-02-01,40,73
2025-03-29,29,31
2024-05-31,9,0
2024-12-24,15,0
2024-06-03,11,0
2024-12-21,36,0
2025-04-11,164,257
2024-08-21,8,0
2023-04-12,1,0
2025-01-13,332,36
2024-08-19,6,0
2024-11-06,38,0
2024-12-06,8,0
2024-12-27,37,0
2024-07-27,5,0
2024-12-19,37,0
2024-08-26,6,0
2025-05-01,80,240
2025-05-31,641,46
2024-07-09,3,0
2024-09-20,18,0
2025-01-09,116,17
2024-11-05,32,0
2024-08-20,10,0
2024-11-29,9,0
2025-05-15,414,195
2024-12-10,67,0
2025-01-18,18,35
2025-04-19,53,27
2024-12-31,25,0
2025-01-15,312,68
2025-01-03,121,2
2025-02-18,260,248
2025-03-21,263,174
2024-06-29,7,0
2025-02-22,14,142
2024-09-12,37,0
2025-03-15,14,35
2025-04-28,251,201
2024-09-04,6,0
2025-03-22,28,55
2024-08-31,21,0
2024-10-30,6,0
2025-02-28,437,199
2025-02-06,346,195
2024-10-26,20,0
2025-04-16,378,255
2024-08-15,6,0
2025-02-24,187,214
2024-07-02,14,0
2024-06-06,4,0
2025-06-06,37,123
2024-09-13,49,0
2025-04-24,240,181
2024-07-30,19,0
2025-04-01,221,164
2025-06-07,10,131
2025-02-25,228,281
2024-08-27,5,0
2025-02-17,162,157
2024-05-18,14,0
2024-11-26,17,0
2024-12-12,18,0
2024-04-22,14,0
2024-11-18,11,0
2025-04-10,196,243
2024-10-16,57,0
2024-12-20,50,0
2024-06-25,13,0
2025-04-13,0,1
2024-05-22,20,0
2024-12-09,11,0
2024-08-22,13,0
2024-08-23,2,0
2025-05-02,267,115
2025-06-14,51,66
2024-11-09,6,0
2025-04-14,290,161
2025-05-17,19,114
2024-11-21,40,0
2025-03-14,329,301
2025-01-25,128,79
2024-08-30,6,0
2025-01-20,296,80
2025-01-27,298,118
2025-03-27,263,180
2025-05-12,138,378
2024-08-28,5,0
2024-09-10,15,0
2024-09-23,7,0
2024-12-03,2,0
2025-10-03,9057,6495
2025-03-13,181,232
2025-05-30,111,289
2025-05-13,152,431
2025-04-12,43,43
2024-08-07,11,0
2024-06-13,9,0
2025-03-31,179,148
2025-04-08,243,139
2024-09-05,8,0
2025-01-28,206,209
2025-01-17,169,77
2025-07-06,0,2
2024-11-22,22,0
2025-06-05,152,96
2024-11-15,7,0
2025-05-03,24,31
2024-10-04,26,0
2025-02-12,309,181
2025-05-16,68,193
2025-01-04,14,0
2025-01-22,359,159
2025-02-21,178,188
2025-04-18,303,64
2024-10-29,61,0
2024-07-26,8,0
2025-01-29,206,259
2024-08-17,17,0
2025-01-08,193,43
2025-03-17,351,173
2025-02-14,167,165
2025-01-24,524,140
2025-05-22,231,215
2024-12-13,34,0
2025-01-10,199,13
2024-10-23,38,0
2024-11-11,10,0
2024-10-14,16,0
2025-10-04,2189,3272
2025-10-06,5919,7296
2025-10-07,4859,12307
2025-10-09,4658,17156
2025-10-08,5786,11005
2025-10-10,5614,14358
2025-10-11,1563,3916
2025-10-14,7305,16939
2025-10-13,9060,8005
2025-10-15,7205,12709
2025-10-16,23173,5408
2025-10-17,20385,4013
2025-10-18,8704,2125
2025-10-20,6123,5077
2025-10-21,5819,11125
2025-10-22,8690,5100
2025-10-23,16008,6077
2025-10-24,8184,7515
2025-10-25,6034,2522
2025-10-28,6894,8902
2025-10-26,0,211
2025-10-27,5799,8534
2025-10-29,13080,4240
2025-10-30,11806,3901
2025-10-31,6922,3909
2025-11-01,777,751
2025-11-03,3752,4801
2025-11-04,6025,5375
2025-11-05,6446,9543
2025-11-06,4898,7854
2025-11-07,7281,5131
2025-11-08,1271,1069
2025-11-11,3179,3955
2025-11-10,4067,3926
2025-11-12,5506,4944
2025-11-13,5951,4742
2025-11-14,4959,2966
2025-11-15,902,1203
2025-11-17,2704,2886
2025-11-18,3010,3495
2025-11-19,1564,3824
2025-11-20,2960,3106
2025-11-21,1906,3396
2025-11-22,399,838
2025-11-25,1013,5809
2025-11-24,1756,3681
2025-11-26,681,4212
2025-11-27,14,787
2025-11-28,329,504
2025-11-29,712,1070
2025-12-02,1002,1166
2025-12-01,535,839
2025-12-03,669,1703
2025-12-04,439,1357
2025-12-05,368,1188
2025-12-06,33,142
2025-12-09,36,407
2025-12-08,158,201
2025-12-10,2,66
